sample_id,start_at,end_at
s01,2026-01-02T00:00:00Z,2026-01-02T12:00:00Z
s02,2026-01-03T00:00:00Z,2026-01-03T12:00:00Z
s03,2026-01-04T00:00:00Z,2026-01-04T12:00:00Z
s04,2026-01-05T00:00:00Z,2026-01-05T12:00:00Z
s05,2026-01-06T00:00:00Z,2026-01-06T12:00:00Z
s06,2026-01-07T00:00:00Z,2026-01-07T12:00:00Z
s07,2026-01-08T00:00:00Z,2026-01-08T12:00:00Z
s08,2026-01-09T00:00:00Z,2026-01-09T12:00:00Z
s09,2026-01-10T00:00:00Z,2026-01-10T12:00:00Z
s10,2026-01-11T00:00:00Z,2026-01-11T12:00:00Z
s11,2026-01-12T00:00:00Z,2026-01-12T12:00:00Z
s12,2026-01-13T00:00:00Z,2026-01-13T12:00:00Z
s13,2026-01-14T00:00:00Z,2026-01-14T12:00:00Z
s14,2026-01-15T00:00:00Z,2026-01-15T12:00:00Z
s15,2026-01-16T00:00:00Z,2026-01-16T12:00:00Z
s16,2026-01-17T00:00:00Z,2026-01-17T12:00:00Z
s17,2026-01-18T00:00:00Z,2026-01-18T12:00:00Z
s18,2026-01-19T00:00:00Z,2026-01-19T12:00:00Z
s19,2026-01-20T00:00:00Z,2026-01-20T12:00:00Z
s20,2026-01-21T00:00:00Z,2026-01-21T12:00:00Z
