entity,available_at,value
SKU-X,2026-01-01T12:00:00Z,10
SKU-X,2026-01-02T12:00:00Z,11
SKU-X,2026-01-03T12:00:00Z,12
SKU-X,2026-01-04T12:00:00Z,13
SKU-X,2026-01-05T12:00:00Z,14
SKU-X,2026-01-06T12:00:00Z,15
SKU-X,2026-01-07T12:00:00Z,16
SKU-X,2026-01-08T12:00:00Z,17
SKU-X,2026-01-09T12:00:00Z,18
SKU-X,2026-01-10T12:00:00Z,19
SKU-X,2026-01-11T12:00:00Z,20
SKU-X,2026-01-12T12:00:00Z,21
SKU-X,2026-01-13T12:00:00Z,22
SKU-X,2026-01-14T12:00:00Z,23
SKU-X,2026-01-15T12:00:00Z,24
SKU-X,2026-01-16T12:00:00Z,25
SKU-X,2026-01-17T12:00:00Z,26
SKU-X,2026-01-18T12:00:00Z,27
SKU-X,2026-01-19T12:00:00Z,28
SKU-X,2026-01-20T12:00:00Z,29
