sample_id,entity,decision_time
s01,SKU-X,2026-01-02T00:00:00Z
s02,SKU-X,2026-01-03T00:00:00Z
s03,SKU-X,2026-01-04T00:00:00Z
s04,SKU-X,2026-01-05T00:00:00Z
s05,SKU-X,2026-01-06T00:00:00Z
s06,SKU-X,2026-01-07T00:00:00Z
s07,SKU-X,2026-01-08T00:00:00Z
s08,SKU-X,2026-01-09T00:00:00Z
s09,SKU-X,2026-01-10T00:00:00Z
s10,SKU-X,2026-01-11T00:00:00Z
s11,SKU-X,2026-01-12T00:00:00Z
s12,SKU-X,2026-01-13T00:00:00Z
s13,SKU-X,2026-01-14T00:00:00Z
s14,SKU-X,2026-01-15T00:00:00Z
s15,SKU-X,2026-01-16T00:00:00Z
s16,SKU-X,2026-01-17T00:00:00Z
s17,SKU-X,2026-01-18T00:00:00Z
s18,SKU-X,2026-01-19T00:00:00Z
s19,SKU-X,2026-01-20T00:00:00Z
s20,SKU-X,2026-01-21T00:00:00Z
